{
  "data": {
    "questions": [
      {
        "question": "Avez-vous plus envie d’écouter un film ou vous retenez votre souffle plutôt qu’un film de merveilleux ?",
        "genre_deleted_when_liked": "adventure-fantasy",
        "genre_deleted_when_unliked": "action-thriller"
      },
      {
        "question": "Voulez vous écouté un film plus pour enfant plutôt que de l’action?",
        "genre_deleted_when_liked": "action-thriller",
        "genre_deleted_when_unliked": "animation-short"
      },
      {
        "question": "Voulez vous écouté un film plus familiale plutôt qu’un film ou le personnage principal a de bonne aptitude de combat?",
        "genre_deleted_when_liked": "action-thriller",
        "genre_deleted_when_unliked": "comedy-family"
      },
      {
        "question": "Voulez vous écouté un film ou le personnage principal tue des gens à ses trousses plutôt qu’un film ou le personnage tue pour aucune raison.",
        "genre_deleted_when_liked": "crime-horror",
        "genre_deleted_when_unliked": "action-thriller"
      },
      {
        "question": "Voulez vous écouté un film de suspens plutôt qu’un film biographique?",
        "genre_deleted_when_liked": "action-thriller",
        "genre_deleted_when_unliked": "documentary-biographie"
      },
      {
        "question": "Voulez vous écouter un film ou le personnage subit une épreuves physique plutôt qu’un film ou le personnage subit une épreuves psychologique?",
        "genre_deleted_when_liked": "drama-war",
        "genre_deleted_when_unliked": "action-thriller"
      },
      {
        "question": "Voulez vous écouté un film du Far-West plutôt qu’un un film angoissant ?",
        "genre_deleted_when_liked": "action-thriller",
        "genre_deleted_when_unliked": "history-western"
      },
      {
        "question": "Voulez vous écouter un film sur la musique plutôt qu’un film qui se concentre plus sur les effets spéciaux tel que des explosions? ",
        "genre_deleted_when_liked": "action-thriller",
        "genre_deleted_when_unliked": "music-musical"
      },
      {
        "question": "Voulez vous écouter un film sur la musique plutôt qu’un film qui se concentre plus sur les effets spéciaux tel que des explosions? ",
        "genre_deleted_when_liked": "mistery-sci-fi",
        "genre_deleted_when_unliked": "action-thriller"
      },
      {
        "question": "Voulez vous écouté un film d’amour ou de sport plutôt qu’un film d’action?",
        "genre_deleted_when_liked": "action-thriller",
        "genre_deleted_when_unliked": "romance-sport"
      },
      {
        "question": "Voulez vous écouter un film Fantastique plutôt qu’un film d’animation ?",
        "genre_deleted_when_liked": "animation-short",
        "genre_deleted_when_unliked": "adventure-fantasy"
      },
      {
        "question": "Voulez vous écouté un film drole plutôt qu’un film iréaliste?",
        "genre_deleted_when_liked": "adventure-fantasy",
        "genre_deleted_when_unliked": "comedy-family"
      },
      {
        "question": "Voulez vous écouter un film Merveilleux plutôt qu’un film qui fait peur ?",
        "genre_deleted_when_liked": "crime-horror",
        "genre_deleted_when_unliked": "adventure-fantasy"
      },
      {
        "question": "Voulez vous écouter un film ou vous apprenez des fait plutôt qu’un film ou vous verrai des mythes?",
        "genre_deleted_when_liked": "adventure-fantasy",
        "genre_deleted_when_unliked": "documentary-biographie"
      },
      {
        "question": "Voulez vous écouter un film Fantastique plutôt qu’un film dramatique ?",
        "genre_deleted_when_liked": "drama-war",
        "genre_deleted_when_unliked": "adventure-fantasy"
      },
      {
        "question": "Voulez vous écouter un film qui se déroule dans le passé plutôt qu’un film imaginatif ?",
        "genre_deleted_when_liked": "adventure-fantasy",
        "genre_deleted_when_unliked": "history-western"
      },
      {
        "question": "Voulez vous écouter un film irréaliste plutôt qu’un film musical?",
        "genre_deleted_when_liked": "music-musical",
        "genre_deleted_when_unliked": "adventure-fantasy"
      },
      {
        "question": "Voulez vous écouter un film mystérieux plutôt qu’un film fantastique? ",
        "genre_deleted_when_liked": "adventure-fantasy",
        "genre_deleted_when_unliked": "mistery-sci-fi"
      },
      {
        "question": "Voulez vous écouter un film Merveilleux plutôt qu’un film de sport et d’amour?",
        "genre_deleted_when_liked": "romance-sport",
        "genre_deleted_when_unliked": "adventure-fantasy"
      },
      {
        "question": "Voulez vous écouter un film d’animation plutôt qu’un film de comédie ?",
        "genre_deleted_when_liked": "comedy-family",
        "genre_deleted_when_unliked": "animation-short"
      },
      {
        "question": "Voulez vous écouter un film d’horreur plutôt qu’un film familiale ?",
        "genre_deleted_when_liked": "animation-short",
        "genre_deleted_when_unliked": "crime-horror"
      },
      {
        "question": "Voulez vous écouter un film d’animation plutôt qu’un film documentaire ?",
        "genre_deleted_when_liked": "documentary-biographie",
        "genre_deleted_when_unliked": "animation-short"
      },
      {
        "question": "Voulez vous écouter un film de guerre plutôt qu’un film d’animation ?",
        "genre_deleted_when_liked": "animation-short",
        "genre_deleted_when_unliked": "drama-war"
      },
      {
        "question": "Voulez vous écouter un film d’animation plutôt qu’un film de western ?",
        "genre_deleted_when_liked": "history-western",
        "genre_deleted_when_unliked": "animation-short"
      },
      {
        "question": "Voulez vous écouter un film de science-fiction plutôt qu’un film d’animation  ?",
        "genre_deleted_when_liked": "animation-short",
        "genre_deleted_when_unliked": "mistery-sci-fi"
      },
      {
        "question": "Voulez vous écouter un film d’animation plutôt qu’un film musical?",
        "genre_deleted_when_liked": "music-musical",
        "genre_deleted_when_unliked": "animation-short"
      },
      {
        "question": "Voulez vous écouter un film romantique plutôt qu’un film d’animation?",
        "genre_deleted_when_liked": "animation-short",
        "genre_deleted_when_unliked": "romance-sport"
      },
      {
        "question": "Voulez vous écouter un film d’horreur plutôt qu’un film de comédie ?",
        "genre_deleted_when_liked": "comedy-family",
        "genre_deleted_when_unliked": "crime-horror"
      },
      {
        "question": "Voulez vous écouter un film de comédie plutôt qu’un film documentaire ?",
        "genre_deleted_when_liked": "documentary-biographie",
        "genre_deleted_when_unliked": "comedy-family"
      },
      {
        "question": "Voulez vous écouter un film de guerre plutôt qu’un film de comédie ?",
        "genre_deleted_when_liked": "comedy-family",
        "genre_deleted_when_unliked": "drama-war"
      },
      {
        "question": "Voulez vous écouter un film de comédie plutôt qu’un film de western ?",
        "genre_deleted_when_liked": "history-western",
        "genre_deleted_when_unliked": "comedy-family"
      },
      {
        "question": "Voulez vous écouter un film de science-fiction plutôt qu’un film de comédie ?",
        "genre_deleted_when_liked": "comedy-family",
        "genre_deleted_when_unliked": "mistery-sci-fi"
      },
      {
        "question": "Voulez vous écouter un film de comédie plutôt qu’un film musical?",
        "genre_deleted_when_liked": "music-musical",
        "genre_deleted_when_unliked": "comedy-family"
      },
      {
        "question": "Voulez vous écouter un film romantique plutôt qu’un film de comédie?",
        "genre_deleted_when_liked": "comedy-family",
        "genre_deleted_when_unliked": "romance-sport"
      },
      {
        "question": "Voulez vous écouter un film d’horreur plutôt qu’un film documentaire ?",
        "genre_deleted_when_liked": "documentary-biographie",
        "genre_deleted_when_unliked": "crime-horror"
      },
      {
        "question": "Voulez vous écouter un film de guerre plutôt qu’un film d’horreur ?",
        "genre_deleted_when_liked": "crime-horror",
        "genre_deleted_when_unliked": "drama-war"
      },
      {
        "question": "Voulez vous écouter un film d’horreur plutôt qu’un film de western ?",
        "genre_deleted_when_liked": "history-western",
        "genre_deleted_when_unliked": "crime-horror"
      },
      {
        "question": "Voulez vous écouter un film de science-fiction plutôt qu’un film d’horreur ?",
        "genre_deleted_when_liked": "crime-horror",
        "genre_deleted_when_unliked": "mistery-sci-fi"
      },
      {
        "question": "Voulez vous écouter un film d’horreur plutôt qu’un film musical?",
        "genre_deleted_when_liked": "music-musical",
        "genre_deleted_when_unliked": "crime-horror"
      },
      {
        "question": "Voulez vous écouter un film romantique plutôt qu’un film d’horreur ?",
        "genre_deleted_when_liked": "crime-horror",
        "genre_deleted_when_unliked": "romance-sport"
      },
      {
        "question": "Voulez vous écouter un film de guerre plutôt qu’un film documentaire?",
        "genre_deleted_when_liked": "documentary-biographie",
        "genre_deleted_when_unliked": "drama-war"
      },
      {
        "question": "Voulez vous écouter un film documentaire plutôt qu’un film de western ?",
        "genre_deleted_when_liked": "history-western",
        "genre_deleted_when_unliked": "documentary-biographie"
      },
      {
        "question": "Voulez vous écouter un film de science-fiction plutôt qu’un film documentaire?",
        "genre_deleted_when_liked": "documentary-biographie",
        "genre_deleted_when_unliked": "mistery-sci-fi"
      },
      {
        "question": "Voulez vous écouter un film documentaire plutôt qu’un film musical?",
        "genre_deleted_when_liked": "music-musical",
        "genre_deleted_when_unliked": "documentary-biographie"
      },
      {
        "question": "Voulez vous écouter un film romantique plutôt qu’un film documentaire?",
        "genre_deleted_when_liked": "documentary-biographie",
        "genre_deleted_when_unliked": "romance-sport"
      },
      {
        "question": "Voulez vous écouter un film dramatique plutôt qu’un film de western ?",
        "genre_deleted_when_liked": "history-western",
        "genre_deleted_when_unliked": "drama-war"
      },
      {
        "question": "Voulez vous écouter un film de science-fiction plutôt qu’un film dramatique ?",
        "genre_deleted_when_liked": "drama-war",
        "genre_deleted_when_unliked": "mistery-sci-fi"
      },
      {
        "question": "Voulez vous écouter un film dramatique plutôt qu’un film musical?",
        "genre_deleted_when_liked": "music-musical",
        "genre_deleted_when_unliked": "drama-war"
      },
      {
        "question": "Voulez vous écouter un film romantique plutôt qu’un film dramatique ?",
        "genre_deleted_when_liked": "drama-war",
        "genre_deleted_when_unliked": "romance-sport"
      },
      {
        "question": "Voulez vous écouter un film de science-fiction plutôt qu’un film de western?",
        "genre_deleted_when_liked": "history-western",
        "genre_deleted_when_unliked": "mistery-sci-fi"
      },
      {
        "question": "Voulez vous écouter un film de western plutôt qu’un film musical?",
        "genre_deleted_when_liked": "music-musical",
        "genre_deleted_when_unliked": "history-western"
      },
      {
        "question": "Voulez vous écouter un film romantique plutôt qu’un film de western?",
        "genre_deleted_when_liked": "history-western",
        "genre_deleted_when_unliked": "romance-sport"
      },
      {
        "question": "Voulez vous écouter un film de science-fiction plutôt qu’un film de musique?",
        "genre_deleted_when_liked": "music-musical",
        "genre_deleted_when_unliked": "mistery-sci-fi"
      },
      {
        "question": "Voulez vous écouter un film romantique plutôt qu’un film de musique?",
        "genre_deleted_when_liked": "music-musical",
        "genre_deleted_when_unliked": "romance-sport"
      },
      {
        "question": "Voulez vous écouter un film romantique plutôt qu’un film de science-fiction?",
        "genre_deleted_when_liked": "mistery-sci-fi",
        "genre_deleted_when_unliked": "romance-sport"
      }
    ]
  }
}
